time,epoch,batch,loss,accuracy,val_loss,val_accuracy,best_accuracy,best_epoch,34
0.164643,1,1,0.727078,0.4375,0,0,0,0
0.1755013,1,2,0.736667,0.40625,0,0,0,0
0.1792818,1,3,0.743276,0.28125,0,0,0,0
0.1859299,1,4,0.725863,0.375,0,0,0,0
0.1904693,1,5,0.728094,0.4375,0,0,0,0
0.2666749,1,6,0.741433,0.28125,0,0,0,0
0.2701849,1,7,0.706153,0.40625,0,0,0,0
0.2737572,1,8,0.719662,0.40625,0,0,0,0
0.2776462,1,9,0.701569,0.46875,0,0,0,0
0.2812151,1,10,0.732629,0.4375,0,0,0,0
0.2847139,1,11,0.689897,0.53125,0,0,0,0
0.2882158,1,12,0.698658,0.5,0,0,0,0
0.2916662,1,13,0.72105,0.46875,0,0,0,0
0.2949198,1,14,0.716798,0.53125,0,0,0,0
0.2984853,1,15,0.706631,0.46875,0,0,0,0
0.3016455,1,16,0.685925,0.5625,0,0,0,0
0.3049795,1,17,0.701593,0.53125,0,0,0,0
0.3579986,1,18,0.672658,0.65625,0,0,0,0
0.3790792,1,19,0.686985,0.6875,0,0,0,0
0.387442,1,20,0.694563,0.5,0,0,0,0
0.3911261,1,21,0.643245,0.71875,0,0,0,0
0.3944025,1,22,0.703558,0.46875,0,0,0,0
0.3975566,1,23,0.706719,0.53125,0,0,0,0
0.4008442,1,24,0.675633,0.625,0,0,0,0
0.4040441,1,25,0.618909,0.78125,0,0,0,0
0.4072175,1,26,0.649278,0.6875,0,0,0,0
0.4104393,1,27,0.63061,0.71875,0,0,0,0
0.4139941,1,28,0.659019,0.625,0,0,0,0
0.4178504,1,29,0.646602,0.65625,0,0,0,0
0.5228114,1,30,0.683852,0.5625,0,0,0,0
0.5277118,1,31,0.662635,0.65625,0,0,0,0
0.5322858,1,32,0.640922,0.71875,0,0,0,0
0.5366321,1,33,0.62074,0.6875,0,0,0,0
0.6042986,1,33,0.690269817006,0.539772727273,0.632281553745,0.65,0.539772727273,1
0.6363117,2,34,0.665829,0.53125,0,0,0.539772727273,1
0.6396014,2,35,0.649984,0.65625,0,0,0.539772727273,1
0.6429329,2,36,0.609662,0.71875,0,0,0.539772727273,1
0.6541415,2,37,0.688285,0.5,0,0,0.539772727273,1
0.6579431,2,38,0.639312,0.6875,0,0,0.539772727273,1
0.6614132,2,39,0.638107,0.5625,0,0,0.539772727273,1
0.6663348,2,40,0.652669,0.65625,0,0,0.539772727273,1
0.6716791,2,41,0.644651,0.6875,0,0,0.539772727273,1
0.6758366,2,42,0.646575,0.6875,0,0,0.539772727273,1
0.6800365,2,43,0.625426,0.71875,0,0,0.539772727273,1
0.6845898,2,44,0.700614,0.5625,0,0,0.539772727273,1
0.6880545,2,45,0.619184,0.75,0,0,0.539772727273,1
0.6915303,2,46,0.661202,0.65625,0,0,0.539772727273,1
0.694842,2,47,0.675151,0.59375,0,0,0.539772727273,1
0.6987672,2,48,0.628637,0.65625,0,0,0.539772727273,1
0.7066528,2,49,0.602392,0.6875,0,0,0.539772727273,1
0.722339,2,50,0.612688,0.6875,0,0,0.539772727273,1
0.7381515,2,51,0.570692,0.8125,0,0,0.539772727273,1
0.7414856,2,52,0.629891,0.6875,0,0,0.539772727273,1
0.7447105,2,53,0.58326,0.875,0,0,0.539772727273,1
0.7479054,2,54,0.581738,0.78125,0,0,0.539772727273,1
0.7511917,2,55,0.635437,0.59375,0,0,0.539772727273,1
0.7544013,2,56,0.665942,0.625,0,0,0.539772727273,1
0.7575707,2,57,0.591285,0.8125,0,0,0.539772727273,1
0.7608493,2,58,0.548265,0.84375,0,0,0.539772727273,1
0.7645587,2,59,0.564356,0.8125,0,0,0.539772727273,1
0.7680302,2,60,0.54944,0.875,0,0,0.539772727273,1
0.7712524,2,61,0.62044,0.6875,0,0,0.539772727273,1
0.7745898,2,62,0.59822,0.6875,0,0,0.539772727273,1
0.7781892,2,63,0.62145,0.65625,0,0,0.539772727273,1
0.7814679,2,64,0.577499,0.71875,0,0,0.539772727273,1
0.7846488,2,65,0.582367,0.78125,0,0,0.539772727273,1
0.7878388,2,66,0.583044,0.78125,0,0,0.539772727273,1
0.8373705,2,66,0.620111945904,0.697916666667,0.569189190865,0.76875,0.697916666667,2
0.8661437,3,67,0.64672,0.65625,0,0,0.697916666667,2
0.8698812,3,68,0.59372,0.71875,0,0,0.697916666667,2
0.8732258,3,69,0.551876,0.8125,0,0,0.697916666667,2
0.8765151,3,70,0.627784,0.6875,0,0,0.697916666667,2
0.8799239,3,71,0.569598,0.8125,0,0,0.697916666667,2
0.8831848,3,72,0.622939,0.59375,0,0,0.697916666667,2
0.886553,3,73,0.62422,0.6875,0,0,0.697916666667,2
0.8896442,3,74,0.595188,0.75,0,0,0.697916666667,2
0.892695,3,75,0.591509,0.71875,0,0,0.697916666667,2
0.8959074,3,76,0.553506,0.78125,0,0,0.697916666667,2
0.8989318,3,77,0.669954,0.6875,0,0,0.697916666667,2
0.9023203,3,78,0.541891,0.78125,0,0,0.697916666667,2
0.9056666,3,79,0.614072,0.65625,0,0,0.697916666667,2
0.9087753,3,80,0.615502,0.6875,0,0,0.697916666667,2
0.9121311,3,81,0.582328,0.75,0,0,0.697916666667,2
0.9161193,3,82,0.590354,0.8125,0,0,0.697916666667,2
0.9373526,3,83,0.560823,0.8125,0,0,0.697916666667,2
0.955636,3,84,0.540284,0.78125,0,0,0.697916666667,2
0.9593225,3,85,0.587624,0.75,0,0,0.697916666667,2
0.9627242,3,86,0.511605,0.84375,0,0,0.697916666667,2
0.966958,3,87,0.562582,0.8125,0,0,0.697916666667,2
0.9708444,3,88,0.580782,0.71875,0,0,0.697916666667,2
0.9743905,3,89,0.64741,0.59375,0,0,0.697916666667,2
0.9778488,3,90,0.551256,0.84375,0,0,0.697916666667,2
0.9811644,3,91,0.502501,0.84375,0,0,0.697916666667,2
0.9847641,3,92,0.499531,0.90625,0,0,0.697916666667,2
0.988363,3,93,0.497201,0.875,0,0,0.697916666667,2
0.9919469,3,94,0.582032,0.75,0,0,0.697916666667,2
0.9954399,3,95,0.568655,0.71875,0,0,0.697916666667,2
0.9989025,3,96,0.560379,0.75,0,0,0.697916666667,2
1.0027259,3,97,0.517667,0.875,0,0,0.697916666667,2
1.0070959,3,98,0.509671,0.84375,0,0,0.697916666667,2
1.0346338,3,99,0.573735,0.78125,0,0,0.697916666667,2
1.1709384,3,99,0.574087785952,0.760416666667,0.522033834457,0.83125,0.760416666667,3
1.2084421,4,100,0.603958,0.65625,0,0,0.760416666667,3
1.2157373,4,101,0.559399,0.75,0,0,0.760416666667,3
1.2201035,4,102,0.477369,0.875,0,0,0.760416666667,3
1.2260774,4,103,0.632663,0.625,0,0,0.760416666667,3
1.2305236,4,104,0.532575,0.84375,0,0,0.760416666667,3
1.2350077,4,105,0.613858,0.6875,0,0,0.760416666667,3
1.2397868,4,106,0.584726,0.6875,0,0,0.760416666667,3
1.2472471,4,107,0.593835,0.78125,0,0,0.760416666667,3
1.2519811,4,108,0.546701,0.78125,0,0,0.760416666667,3
1.2566127,4,109,0.473409,0.90625,0,0,0.760416666667,3
1.2609649,4,110,0.662441,0.65625,0,0,0.760416666667,3
1.26552,4,111,0.518564,0.8125,0,0,0.760416666667,3
1.2905114,4,112,0.563076,0.65625,0,0,0.760416666667,3
1.2956446,4,113,0.572962,0.6875,0,0,0.760416666667,3
1.3043556,4,114,0.510598,0.8125,0,0,0.760416666667,3
1.3186898,4,115,0.503011,0.78125,0,0,0.760416666667,3
1.3309032,4,116,0.511766,0.84375,0,0,0.760416666667,3
1.335133,4,117,0.49311,0.84375,0,0,0.760416666667,3
1.3498563,4,118,0.57237,0.71875,0,0,0.760416666667,3
1.3541153,4,119,0.465335,0.875,0,0,0.760416666667,3
1.3583861,4,120,0.526566,0.84375,0,0,0.760416666667,3
1.3624924,4,121,0.538847,0.6875,0,0,0.760416666667,3
1.3668989,4,122,0.62898,0.6875,0,0,0.760416666667,3
1.3710722,4,123,0.525204,0.78125,0,0,0.760416666667,3
1.3755609,4,124,0.483773,0.84375,0,0,0.760416666667,3
1.3803277,4,125,0.453269,0.90625,0,0,0.760416666667,3
1.3857921,4,126,0.473658,0.8125,0,0,0.760416666667,3
1.6227963,4,127,0.535637,0.71875,0,0,0.760416666667,3
1.6391708,4,128,0.558804,0.78125,0,0,0.760416666667,3
1.6528267,4,129,0.539997,0.84375,0,0,0.760416666667,3
1.6597842,4,130,0.449203,0.84375,0,0,0.760416666667,3
1.6723166,4,131,0.507219,0.84375,0,0,0.760416666667,3
1.6762072,4,132,0.548198,0.8125,0,0,0.760416666667,3
1.7734983,4,132,0.538214544455,0.778409090909,0.486605632305,0.8125,0.778409090909,4
1.7910288,5,133,0.602472,0.71875,0,0,0.778409090909,4
1.7942122,5,134,0.539018,0.75,0,0,0.778409090909,4
1.7980256,5,135,0.419087,0.9375,0,0,0.778409090909,4
1.8012653,5,136,0.602715,0.75,0,0,0.778409090909,4
1.8043344,5,137,0.488419,0.78125,0,0,0.778409090909,4
1.8074636,5,138,0.57435,0.6875,0,0,0.778409090909,4
1.8105748,5,139,0.553006,0.71875,0,0,0.778409090909,4
1.8287683,5,140,0.570125,0.75,0,0,0.778409090909,4
1.8320648,5,141,0.551568,0.71875,0,0,0.778409090909,4
1.8351435,5,142,0.46057,0.875,0,0,0.778409090909,4
1.8384594,5,143,0.669805,0.6875,0,0,0.778409090909,4
1.8417529,5,144,0.47286,0.84375,0,0,0.778409090909,4
1.8452151,5,145,0.512518,0.8125,0,0,0.778409090909,4
1.8484793,5,146,0.548099,0.71875,0,0,0.778409090909,4
1.8516335,5,147,0.495531,0.78125,0,0,0.778409090909,4
1.8547474,5,148,0.510123,0.8125,0,0,0.778409090909,4
1.8579498,5,149,0.493587,0.84375,0,0,0.778409090909,4
1.8613072,5,150,0.463832,0.78125,0,0,0.778409090909,4
1.8645872,5,151,0.571491,0.78125,0,0,0.778409090909,4
1.8678111,5,152,0.402458,0.875,0,0,0.778409090909,4
1.8710382,5,153,0.476745,0.84375,0,0,0.778409090909,4
1.8751309,5,154,0.526873,0.8125,0,0,0.778409090909,4
1.878478,5,155,0.621692,0.59375,0,0,0.778409090909,4
1.8817732,5,156,0.477366,0.71875,0,0,0.778409090909,4
1.8850594,5,157,0.471631,0.78125,0,0,0.778409090909,4
1.8882473,5,158,0.417177,0.84375,0,0,0.778409090909,4
1.9216126,5,159,0.444721,0.78125,0,0,0.778409090909,4
1.9383228,5,160,0.544357,0.71875,0,0,0.778409090909,4
1.9462412,5,161,0.539703,0.71875,0,0,0.778409090909,4
1.9495492,5,162,0.536004,0.8125,0,0,0.778409090909,4
1.9527148,5,163,0.398108,0.90625,0,0,0.778409090909,4
1.9557929,5,164,0.474195,0.8125,0,0,0.778409090909,4
1.9589726,5,165,0.538295,0.71875,0,0,0.778409090909,4
1.9861014,5,165,0.514197034366,0.778409090909,0.4626717031,0.7875,0.778409090909,4
2.0115144,6,166,0.58492,0.71875,0,0,0.778409090909,4
2.0157143,6,167,0.506532,0.78125,0,0,0.778409090909,4
2.0237896,6,168,0.377097,0.90625,0,0,0.778409090909,4
2.0285658,6,169,0.58218,0.8125,0,0,0.778409090909,4
2.033766,6,170,0.48119,0.75,0,0,0.778409090909,4
2.0386636,6,171,0.553783,0.71875,0,0,0.778409090909,4
2.0434644,6,172,0.532513,0.78125,0,0,0.778409090909,4
2.0493988,6,173,0.54717,0.78125,0,0,0.778409090909,4
2.0550038,6,174,0.509481,0.78125,0,0,0.778409090909,4
2.0765008,6,175,0.388975,0.90625,0,0,0.778409090909,4
2.0820946,6,176,0.709822,0.65625,0,0,0.778409090909,4
2.0868107,6,177,0.463418,0.8125,0,0,0.778409090909,4
2.0938256,6,178,0.536936,0.6875,0,0,0.778409090909,4
2.0993213,6,179,0.513021,0.71875,0,0,0.778409090909,4
2.1040338,6,180,0.505,0.75,0,0,0.778409090909,4
2.108683,6,181,0.472178,0.8125,0,0,0.778409090909,4
2.1136853,6,182,0.474792,0.84375,0,0,0.778409090909,4
2.1185991,6,183,0.436171,0.8125,0,0,0.778409090909,4
2.1232,6,184,0.548515,0.75,0,0,0.778409090909,4
2.1447327,6,185,0.376189,0.875,0,0,0.778409090909,4
2.1504245,6,186,0.46403,0.84375,0,0,0.778409090909,4
2.1594571,6,187,0.555825,0.8125,0,0,0.778409090909,4
2.1630799,6,188,0.658064,0.59375,0,0,0.778409090909,4
2.1706786,6,189,0.446565,0.71875,0,0,0.778409090909,4
2.1759276,6,190,0.457744,0.78125,0,0,0.778409090909,4
2.2145606,6,191,0.403776,0.875,0,0,0.778409090909,4
2.2189934,6,192,0.407118,0.84375,0,0,0.778409090909,4
2.2225635,6,193,0.512977,0.75,0,0,0.778409090909,4
2.2262091,6,194,0.524872,0.71875,0,0,0.778409090909,4
2.2299686,6,195,0.48324,0.84375,0,0,0.778409090909,4
2.2332312,6,196,0.389316,0.90625,0,0,0.778409090909,4
2.2365859,6,197,0.469929,0.8125,0,0,0.778409090909,4
2.2397863,6,198,0.571923,0.75,0,0,0.778409090909,4
2.2783428,6,198,0.498341214476,0.785037878788,0.448643279076,0.7875,0.785037878788,6
2.3176804,7,199,0.602116,0.625,0,0,0.785037878788,6
2.3219998,7,200,0.497136,0.78125,0,0,0.785037878788,6
2.3263042,7,201,0.353348,0.875,0,0,0.785037878788,6
2.3303647,7,202,0.588495,0.6875,0,0,0.785037878788,6
2.348544,7,203,0.452954,0.71875,0,0,0.785037878788,6
2.3529635,7,204,0.546219,0.6875,0,0,0.785037878788,6
2.3573487,7,205,0.529518,0.6875,0,0,0.785037878788,6
2.3619387,7,206,0.550571,0.78125,0,0,0.785037878788,6
2.3670109,7,207,0.506751,0.75,0,0,0.785037878788,6
2.3715333,7,208,0.362208,0.90625,0,0,0.785037878788,6
2.3757757,7,209,0.675586,0.625,0,0,0.785037878788,6
2.3802242,7,210,0.419167,0.8125,0,0,0.785037878788,6
2.3846517,7,211,0.522243,0.78125,0,0,0.785037878788,6
2.3896675,7,212,0.503427,0.71875,0,0,0.785037878788,6
2.3938504,7,213,0.491142,0.75,0,0,0.785037878788,6
2.4087849,7,214,0.438152,0.8125,0,0,0.785037878788,6
2.430146,7,215,0.447826,0.875,0,0,0.785037878788,6
2.4390466,7,216,0.411584,0.78125,0,0,0.785037878788,6
2.4423482,7,217,0.54737,0.75,0,0,0.785037878788,6
2.4456411,7,218,0.31576,0.90625,0,0,0.785037878788,6
2.4517973,7,219,0.465279,0.8125,0,0,0.785037878788,6
2.4968089,7,220,0.490766,0.8125,0,0,0.785037878788,6
2.5033194,7,221,0.653327,0.59375,0,0,0.785037878788,6
2.5065916,7,222,0.466749,0.75,0,0,0.785037878788,6
2.5097184,7,223,0.452999,0.78125,0,0,0.785037878788,6
2.5128709,7,224,0.386384,0.8125,0,0,0.785037878788,6
2.516207,7,225,0.385788,0.78125,0,0,0.785037878788,6
2.5200048,7,226,0.547647,0.75,0,0,0.785037878788,6
2.5236654,7,227,0.562903,0.71875,0,0,0.785037878788,6
2.5270161,7,228,0.507908,0.84375,0,0,0.785037878788,6
2.5301989,7,229,0.352991,0.90625,0,0,0.785037878788,6
2.5334278,7,230,0.479066,0.8125,0,0,0.785037878788,6
2.5367768,7,231,0.534556,0.75,0,0,0.785037878788,6
2.5712877,7,231,0.486301064491,0.770833333333,0.439401906729,0.7875,0.785037878788,6
2.6041005,8,232,0.59852,0.65625,0,0,0.785037878788,6
2.6074948,8,233,0.53424,0.8125,0,0,0.785037878788,6
2.610779,8,234,0.367881,0.8125,0,0,0.785037878788,6
2.614079,8,235,0.534661,0.75,0,0,0.785037878788,6
2.6172889,8,236,0.491124,0.71875,0,0,0.785037878788,6
2.6206189,8,237,0.579613,0.71875,0,0,0.785037878788,6
2.6238444,8,238,0.523319,0.6875,0,0,0.785037878788,6
2.6269963,8,239,0.556656,0.78125,0,0,0.785037878788,6
2.6301703,8,240,0.472046,0.75,0,0,0.785037878788,6
2.633317,8,241,0.379753,0.875,0,0,0.785037878788,6
2.6365132,8,242,0.712452,0.65625,0,0,0.785037878788,6
2.6402712,8,243,0.434516,0.8125,0,0,0.785037878788,6
2.6435115,8,244,0.479187,0.78125,0,0,0.785037878788,6
2.6466565,8,245,0.531031,0.6875,0,0,0.785037878788,6
2.6499726,8,246,0.466661,0.75,0,0,0.785037878788,6
2.657731,8,247,0.44583,0.8125,0,0,0.785037878788,6
2.6770519,8,248,0.447162,0.8125,0,0,0.785037878788,6
2.6862397,8,249,0.409042,0.78125,0,0,0.785037878788,6
2.7006071,8,250,0.583241,0.71875,0,0,0.785037878788,6
2.7045944,8,251,0.331461,0.875,0,0,0.785037878788,6
2.7078008,8,252,0.488907,0.84375,0,0,0.785037878788,6
2.7117998,8,253,0.494243,0.78125,0,0,0.785037878788,6
2.7167389,8,254,0.666007,0.59375,0,0,0.785037878788,6
2.7209234,8,255,0.443101,0.75,0,0,0.785037878788,6
2.7243282,8,256,0.411288,0.875,0,0,0.785037878788,6
2.7276117,8,257,0.384868,0.875,0,0,0.785037878788,6
2.7313042,8,258,0.407955,0.78125,0,0,0.785037878788,6
2.7346577,8,259,0.538281,0.75,0,0,0.785037878788,6
2.7388728,8,260,0.555713,0.6875,0,0,0.785037878788,6
2.7424756,8,261,0.495143,0.8125,0,0,0.785037878788,6
2.7467638,8,262,0.364469,0.875,0,0,0.785037878788,6
2.8073941,8,263,0.442995,0.8125,0,0,0.785037878788,6
2.8133068,8,264,0.537632,0.75,0,0,0.785037878788,6
2.8424792,8,264,0.488151431987,0.770833333333,0.43322968483,0.7875,0.785037878788,6
2.8588625,9,265,0.596316,0.65625,0,0,0.785037878788,6
2.8620646,9,266,0.535005,0.78125,0,0,0.785037878788,6
2.8654026,9,267,0.3213,0.875,0,0,0.785037878788,6
2.8685601,9,268,0.542197,0.78125,0,0,0.785037878788,6
2.8718024,9,269,0.474056,0.71875,0,0,0.785037878788,6
2.9115603,9,270,0.567862,0.6875,0,0,0.785037878788,6
2.929562,9,271,0.510354,0.78125,0,0,0.785037878788,6
2.9484552,9,272,0.541775,0.78125,0,0,0.785037878788,6
2.9559486,9,273,0.526423,0.75,0,0,0.785037878788,6
2.9592248,9,274,0.368118,0.875,0,0,0.785037878788,6
2.9623112,9,275,0.708819,0.625,0,0,0.785037878788,6
2.9656512,9,276,0.433213,0.8125,0,0,0.785037878788,6
2.9822331,9,277,0.48536,0.78125,0,0,0.785037878788,6
2.9861153,9,278,0.51616,0.75,0,0,0.785037878788,6
2.9893116,9,279,0.484004,0.78125,0,0,0.785037878788,6
2.992664,9,280,0.451379,0.8125,0,0,0.785037878788,6
2.9959109,9,281,0.457623,0.8125,0,0,0.785037878788,6
2.9992153,9,282,0.389825,0.78125,0,0,0.785037878788,6
3.0024175,9,283,0.59632,0.75,0,0,0.785037878788,6
3.0055422,9,284,0.314797,0.875,0,0,0.785037878788,6
3.0086729,9,285,0.507076,0.78125,0,0,0.785037878788,6
3.0132097,9,286,0.486944,0.78125,0,0,0.785037878788,6
3.0176067,9,287,0.679254,0.59375,0,0,0.785037878788,6
3.0223017,9,288,0.452219,0.78125,0,0,0.785037878788,6
3.0271009,9,289,0.429955,0.75,0,0,0.785037878788,6
3.0585748,9,290,0.379926,0.90625,0,0,0.785037878788,6
3.0641441,9,291,0.38235,0.78125,0,0,0.785037878788,6
3.0689832,9,292,0.546087,0.75,0,0,0.785037878788,6
3.0736829,9,293,0.519055,0.71875,0,0,0.785037878788,6
3.0907352,9,294,0.474683,0.84375,0,0,0.785037878788,6
3.118332,9,295,0.338678,0.9375,0,0,0.785037878788,6
3.1291772,9,296,0.427433,0.8125,0,0,0.785037878788,6
3.1362611,9,297,0.550527,0.78125,0,0,0.785037878788,6
3.2025541,9,297,0.484699746876,0.778409090909,0.429917114973,0.7875,0.785037878788,6
3.2197551,10,298,0.585149,0.65625,0,0,0.785037878788,6
3.2242709,10,299,0.490476,0.8125,0,0,0.785037878788,6
3.2339522,10,300,0.33778,0.84375,0,0,0.785037878788,6
3.2373125,10,301,0.525641,0.78125,0,0,0.785037878788,6
3.2406844,10,302,0.471769,0.8125,0,0,0.785037878788,6
3.2439625,10,303,0.568499,0.6875,0,0,0.785037878788,6
3.2547975,10,304,0.493103,0.78125,0,0,0.785037878788,6
3.2580968,10,305,0.559173,0.75,0,0,0.785037878788,6
3.2612297,10,306,0.52556,0.75,0,0,0.785037878788,6
3.2643765,10,307,0.35428,0.875,0,0,0.785037878788,6
3.2675454,10,308,0.695658,0.6875,0,0,0.785037878788,6
3.27091,10,309,0.438489,0.78125,0,0,0.785037878788,6
3.274097,10,310,0.517699,0.78125,0,0,0.785037878788,6
3.2772895,10,311,0.525152,0.71875,0,0,0.785037878788,6
3.2806669,10,312,0.476179,0.75,0,0,0.785037878788,6
3.2838623,10,313,0.459835,0.84375,0,0,0.785037878788,6
3.2870851,10,314,0.468283,0.8125,0,0,0.785037878788,6
3.2904326,10,315,0.436059,0.78125,0,0,0.785037878788,6
3.314916,10,316,0.607272,0.6875,0,0,0.785037878788,6
3.3188516,10,317,0.326719,0.875,0,0,0.785037878788,6
3.3221244,10,318,0.478963,0.78125,0,0,0.785037878788,6
3.32555,10,319,0.488963,0.78125,0,0,0.785037878788,6
3.3287929,10,320,0.670854,0.625,0,0,0.785037878788,6
3.3319381,10,321,0.428521,0.71875,0,0,0.785037878788,6
3.3352014,10,322,0.453654,0.78125,0,0,0.785037878788,6
3.338318,10,323,0.377589,0.90625,0,0,0.785037878788,6
3.3414789,10,324,0.387612,0.78125,0,0,0.785037878788,6
3.3446428,10,325,0.52213,0.75,0,0,0.785037878788,6
3.3477768,10,326,0.521057,0.78125,0,0,0.785037878788,6
3.3515138,10,327,0.476253,0.84375,0,0,0.785037878788,6
3.3555022,10,328,0.342252,0.90625,0,0,0.785037878788,6
3.3590647,10,329,0.447176,0.84375,0,0,0.785037878788,6
3.3623794,10,330,0.524972,0.75,0,0,0.785037878788,6
3.4161906,10,330,0.484326401443,0.779356060606,0.426099461317,0.7875,0.785037878788,6
3.4463662,11,331,0.602789,0.65625,0,0,0.785037878788,6
3.4582163,11,332,0.476049,0.8125,0,0,0.785037878788,6
3.4624778,11,333,0.310722,0.84375,0,0,0.785037878788,6
3.4669227,11,334,0.549831,0.71875,0,0,0.785037878788,6
3.4814217,11,335,0.449811,0.78125,0,0,0.785037878788,6
3.4858959,11,336,0.51469,0.75,0,0,0.785037878788,6
3.4951209,11,337,0.512209,0.71875,0,0,0.785037878788,6
3.4994568,11,338,0.568656,0.78125,0,0,0.785037878788,6
3.5038529,11,339,0.524182,0.71875,0,0,0.785037878788,6
3.5079356,11,340,0.358457,0.875,0,0,0.785037878788,6
3.5121353,11,341,0.705111,0.65625,0,0,0.785037878788,6
3.517177,11,342,0.452294,0.78125,0,0,0.785037878788,6
3.5332356,11,343,0.476687,0.8125,0,0,0.785037878788,6
3.5478141,11,344,0.507822,0.75,0,0,0.785037878788,6
3.5557354,11,345,0.467798,0.78125,0,0,0.785037878788,6
3.5596643,11,346,0.424684,0.8125,0,0,0.785037878788,6
3.5630395,11,347,0.444133,0.875,0,0,0.785037878788,6
3.5680583,11,348,0.370181,0.78125,0,0,0.785037878788,6
3.5726548,11,349,0.578721,0.75,0,0,0.785037878788,6
3.5760552,11,350,0.318919,0.875,0,0,0.785037878788,6
3.579272,11,351,0.467746,0.84375,0,0,0.785037878788,6
3.5828031,11,352,0.494577,0.84375,0,0,0.785037878788,6
3.586494,11,353,0.657504,0.625,0,0,0.785037878788,6
3.5898768,11,354,0.439304,0.71875,0,0,0.785037878788,6
3.5931477,11,355,0.432791,0.75,0,0,0.785037878788,6
3.5965543,11,356,0.358769,0.9375,0,0,0.785037878788,6
3.6128133,11,357,0.389968,0.8125,0,0,0.785037878788,6
3.6235432,11,358,0.569601,0.75,0,0,0.785037878788,6
3.6337106,11,359,0.542647,0.71875,0,0,0.785037878788,6
3.6370873,11,360,0.448947,0.8125,0,0,0.785037878788,6
3.6403604,11,361,0.326848,0.9375,0,0,0.785037878788,6
3.6435686,11,362,0.451161,0.75,0,0,0.785037878788,6
3.6468614,11,363,0.565821,0.8125,0,0,0.785037878788,6
3.6733494,11,363,0.477558538769,0.783143939394,0.423511582613,0.7875,0.785037878788,6
3.7066792,12,364,0.57359,0.625,0,0,0.785037878788,6
3.7100099,12,365,0.525802,0.78125,0,0,0.785037878788,6
3.7133778,12,366,0.306163,0.90625,0,0,0.785037878788,6
3.7182214,12,367,0.581589,0.6875,0,0,0.785037878788,6
3.7217715,12,368,0.458129,0.71875,0,0,0.785037878788,6
3.7258884,12,369,0.551243,0.71875,0,0,0.785037878788,6
3.7297575,12,370,0.512783,0.71875,0,0,0.785037878788,6
3.7345764,12,371,0.549879,0.75,0,0,0.785037878788,6
3.7391886,12,372,0.527076,0.71875,0,0,0.785037878788,6
3.7426968,12,373,0.344097,0.90625,0,0,0.785037878788,6
3.746102,12,374,0.740721,0.65625,0,0,0.785037878788,6
3.7528645,12,375,0.448237,0.78125,0,0,0.785037878788,6
3.7623981,12,376,0.477341,0.8125,0,0,0.785037878788,6
3.7730799,12,377,0.520758,0.71875,0,0,0.785037878788,6
3.8132293,12,378,0.453425,0.78125,0,0,0.785037878788,6
3.8164792,12,379,0.450126,0.8125,0,0,0.785037878788,6
3.8198169,12,380,0.422557,0.84375,0,0,0.785037878788,6
3.8231672,12,381,0.378672,0.84375,0,0,0.785037878788,6
3.8265067,12,382,0.546485,0.71875,0,0,0.785037878788,6
3.8299615,12,383,0.310667,0.875,0,0,0.785037878788,6
3.8429254,12,384,0.472002,0.8125,0,0,0.785037878788,6
3.8541653,12,385,0.488881,0.8125,0,0,0.785037878788,6
3.8718787,12,386,0.708289,0.5625,0,0,0.785037878788,6
3.8832424,12,387,0.425883,0.78125,0,0,0.785037878788,6
3.8866063,12,388,0.407138,0.78125,0,0,0.785037878788,6
3.8899208,12,389,0.369321,0.84375,0,0,0.785037878788,6
3.8931283,12,390,0.374957,0.8125,0,0,0.785037878788,6
3.8963032,12,391,0.547548,0.75,0,0,0.785037878788,6
3.8998246,12,392,0.552491,0.71875,0,0,0.785037878788,6
3.9031263,12,393,0.484754,0.84375,0,0,0.785037878788,6
3.9065741,12,394,0.335228,0.9375,0,0,0.785037878788,6
3.9099648,12,395,0.435061,0.8125,0,0,0.785037878788,6
3.9133884,12,396,0.540134,0.71875,0,0,0.785037878788,6
3.9483324,12,396,0.479425143112,0.774621212121,0.420939844847,0.7875,0.785037878788,6
3.984524,13,397,0.600606,0.6875,0,0,0.785037878788,6
4.0030904,13,398,0.523559,0.84375,0,0,0.785037878788,6
4.0066316,13,399,0.323498,0.875,0,0,0.785037878788,6
4.0178273,13,400,0.568468,0.65625,0,0,0.785037878788,6
4.0220599,13,401,0.450631,0.78125,0,0,0.785037878788,6
4.0268824,13,402,0.536928,0.71875,0,0,0.785037878788,6
4.0330295,13,403,0.507096,0.78125,0,0,0.785037878788,6
4.0394434,13,404,0.557215,0.78125,0,0,0.785037878788,6
4.0461042,13,405,0.49678,0.71875,0,0,0.785037878788,6
4.0526656,13,406,0.358067,0.90625,0,0,0.785037878788,6
4.0723858,13,407,0.693971,0.65625,0,0,0.785037878788,6
4.0796858,13,408,0.422841,0.8125,0,0,0.785037878788,6
4.0871011,13,409,0.469937,0.8125,0,0,0.785037878788,6
4.094041,13,410,0.515434,0.75,0,0,0.785037878788,6
4.0997624,13,411,0.453906,0.8125,0,0,0.785037878788,6
4.1049732,13,412,0.426377,0.8125,0,0,0.785037878788,6
4.1096098,13,413,0.429971,0.8125,0,0,0.785037878788,6
4.1147087,13,414,0.385657,0.78125,0,0,0.785037878788,6
4.1341576,13,415,0.553871,0.75,0,0,0.785037878788,6
4.139164,13,416,0.318888,0.875,0,0,0.785037878788,6
4.1439061,13,417,0.53043,0.8125,0,0,0.785037878788,6
4.1526734,13,418,0.449192,0.8125,0,0,0.785037878788,6
4.1577663,13,419,0.647939,0.65625,0,0,0.785037878788,6
4.1610681,13,420,0.426837,0.75,0,0,0.785037878788,6
4.1644106,13,421,0.443597,0.8125,0,0,0.785037878788,6
4.1702347,13,422,0.363193,0.90625,0,0,0.785037878788,6
4.1739432,13,423,0.368362,0.78125,0,0,0.785037878788,6
4.1780415,13,424,0.529604,0.75,0,0,0.785037878788,6
4.183743,13,425,0.532947,0.71875,0,0,0.785037878788,6
4.197867,13,426,0.458748,0.84375,0,0,0.785037878788,6
4.2118086,13,427,0.330662,0.90625,0,0,0.785037878788,6
4.2243258,13,428,0.457475,0.78125,0,0,0.785037878788,6
4.227693,13,429,0.496298,0.78125,0,0,0.785037878788,6
4.2587657,13,429,0.473605592142,0.785984848485,0.419056272507,0.7875,0.785984848485,13
4.2943533,14,430,0.597636,0.71875,0,0,0.785984848485,13
4.297674,14,431,0.52689,0.8125,0,0,0.785984848485,13
4.3008724,14,432,0.334132,0.84375,0,0,0.785984848485,13
4.3040741,14,433,0.530266,0.6875,0,0,0.785984848485,13
4.3072901,14,434,0.440668,0.71875,0,0,0.785984848485,13
4.3104603,14,435,0.583885,0.71875,0,0,0.785984848485,13
4.3138589,14,436,0.500401,0.75,0,0,0.785984848485,13
4.3172494,14,437,0.570103,0.8125,0,0,0.785984848485,13
4.320405,14,438,0.564674,0.65625,0,0,0.785984848485,13
4.3243223,14,439,0.35639,0.875,0,0,0.785984848485,13
4.3279673,14,440,0.716881,0.6875,0,0,0.785984848485,13
4.3312249,14,441,0.449417,0.8125,0,0,0.785984848485,13
4.3344426,14,442,0.455899,0.78125,0,0,0.785984848485,13
4.33775,14,443,0.5229,0.71875,0,0,0.785984848485,13
4.3485734,14,444,0.406414,0.8125,0,0,0.785984848485,13
4.3713838,14,445,0.43601,0.8125,0,0,0.785984848485,13
4.3783702,14,446,0.419613,0.78125,0,0,0.785984848485,13
4.444156,14,447,0.382486,0.84375,0,0,0.785984848485,13
4.4476778,14,448,0.560164,0.71875,0,0,0.785984848485,13
4.4511023,14,449,0.300417,0.875,0,0,0.785984848485,13
4.4543135,14,450,0.491525,0.8125,0,0,0.785984848485,13
4.4574804,14,451,0.440208,0.84375,0,0,0.785984848485,13
4.4606108,14,452,0.693687,0.59375,0,0,0.785984848485,13
4.4640714,14,453,0.424169,0.84375,0,0,0.785984848485,13
4.467371,14,454,0.404586,0.78125,0,0,0.785984848485,13
4.4705667,14,455,0.371938,0.84375,0,0,0.785984848485,13
4.4737349,14,456,0.34862,0.84375,0,0,0.785984848485,13
4.476896,14,457,0.601004,0.75,0,0,0.785984848485,13
4.5118507,14,458,0.546177,0.6875,0,0,0.785984848485,13
4.5154027,14,459,0.474299,0.84375,0,0,0.785984848485,13
4.518588,14,460,0.325129,0.9375,0,0,0.785984848485,13
4.5217677,14,461,0.435553,0.78125,0,0,0.785984848485,13
4.5250258,14,462,0.500248,0.84375,0,0,0.785984848485,13
4.5815486,14,462,0.476133063887,0.783143939394,0.418145483732,0.7875,0.785984848485,13
4.6217742,15,463,0.580748,0.65625,0,0,0.785984848485,13
4.6360128,15,464,0.514482,0.75,0,0,0.785984848485,13
4.6501934,15,465,0.312109,0.875,0,0,0.785984848485,13
4.6572611,15,466,0.556806,0.71875,0,0,0.785984848485,13
4.661921,15,467,0.454075,0.75,0,0,0.785984848485,13
4.6669538,15,468,0.543791,0.75,0,0,0.785984848485,13
4.688085,15,469,0.51529,0.71875,0,0,0.785984848485,13
4.692433,15,470,0.544692,0.78125,0,0,0.785984848485,13
4.6985096,15,471,0.513413,0.78125,0,0,0.785984848485,13
4.704068,15,472,0.34047,0.875,0,0,0.785984848485,13
4.7122054,15,473,0.744724,0.65625,0,0,0.785984848485,13
4.7227872,15,474,0.450007,0.8125,0,0,0.785984848485,13
4.7275458,15,475,0.480392,0.8125,0,0,0.785984848485,13
4.7413137,15,476,0.475658,0.75,0,0,0.785984848485,13
4.7616206,15,477,0.452202,0.78125,0,0,0.785984848485,13
4.7660573,15,478,0.438138,0.8125,0,0,0.785984848485,13
4.7708009,15,479,0.426502,0.84375,0,0,0.785984848485,13
4.7742811,15,480,0.38798,0.78125,0,0,0.785984848485,13
4.7775542,15,481,0.555497,0.75,0,0,0.785984848485,13
4.7808498,15,482,0.322722,0.875,0,0,0.785984848485,13
4.785787,15,483,0.486065,0.8125,0,0,0.785984848485,13
4.7893809,15,484,0.480159,0.8125,0,0,0.785984848485,13
4.7926335,15,485,0.707931,0.5625,0,0,0.785984848485,13
4.7958101,15,486,0.407578,0.75,0,0,0.785984848485,13
4.7990076,15,487,0.427748,0.8125,0,0,0.785984848485,13
4.8026028,15,488,0.350141,0.84375,0,0,0.785984848485,13
4.8082653,15,489,0.36885,0.8125,0,0,0.785984848485,13
4.8179168,15,490,0.578074,0.75,0,0,0.785984848485,13
4.8646935,15,491,0.523391,0.75,0,0,0.785984848485,13
4.8942112,15,492,0.447461,0.8125,0,0,0.785984848485,13
4.8975759,15,493,0.354666,0.875,0,0,0.785984848485,13
4.9078604,15,494,0.419749,0.84375,0,0,0.785984848485,13
4.9116579,15,495,0.495864,0.78125,0,0,0.785984848485,13
4.9616378,15,495,0.474465819922,0.780303030303,0.41682652235,0.7875,0.785984848485,13
4.9785667,16,496,0.546321,0.75,0,0,0.785984848485,13
4.9817235,16,497,0.506537,0.78125,0,0,0.785984848485,13
4.9848579,16,498,0.287354,0.90625,0,0,0.785984848485,13
4.9879602,16,499,0.532408,0.78125,0,0,0.785984848485,13
4.9911001,16,500,0.443765,0.78125,0,0,0.785984848485,13
4.99426,16,501,0.533816,0.71875,0,0,0.785984848485,13
4.9973712,16,502,0.48397,0.75,0,0,0.785984848485,13
5.0006626,16,503,0.578214,0.75,0,0,0.785984848485,13
5.0040969,16,504,0.528788,0.71875,0,0,0.785984848485,13
5.0073256,16,505,0.357318,0.875,0,0,0.785984848485,13
5.0108733,16,506,0.765539,0.65625,0,0,0.785984848485,13
5.0145538,16,507,0.420511,0.875,0,0,0.785984848485,13
5.0504492,16,508,0.439725,0.78125,0,0,0.785984848485,13
5.0571407,16,509,0.530597,0.75,0,0,0.785984848485,13
5.0631274,16,510,0.465584,0.8125,0,0,0.785984848485,13
5.0707707,16,511,0.420854,0.875,0,0,0.785984848485,13
5.0753823,16,512,0.420569,0.8125,0,0,0.785984848485,13
5.0804185,16,513,0.366929,0.8125,0,0,0.785984848485,13
5.0856914,16,514,0.540396,0.6875,0,0,0.785984848485,13
5.0904446,16,515,0.310508,0.84375,0,0,0.785984848485,13
5.0959765,16,516,0.445626,0.84375,0,0,0.785984848485,13
5.1221471,16,517,0.47218,0.8125,0,0,0.785984848485,13
5.1268497,16,518,0.687341,0.59375,0,0,0.785984848485,13
5.1311031,16,519,0.427317,0.71875,0,0,0.785984848485,13
5.135335,16,520,0.419625,0.8125,0,0,0.785984848485,13
5.140819,16,521,0.339053,0.90625,0,0,0.785984848485,13
5.1488379,16,522,0.356772,0.78125,0,0,0.785984848485,13
5.1533827,16,523,0.553666,0.75,0,0,0.785984848485,13
5.1574803,16,524,0.551235,0.6875,0,0,0.785984848485,13
5.1616127,16,525,0.437682,0.8125,0,0,0.785984848485,13
5.1661213,16,526,0.326545,0.875,0,0,0.785984848485,13
5.1734037,16,527,0.447649,0.78125,0,0,0.785984848485,13
5.191779,16,528,0.504795,0.78125,0,0,0.785984848485,13
5.2215703,16,528,0.468157178525,0.784090909091,0.415670335293,0.81875,0.785984848485,13
5.2401286,17,529,0.55682,0.6875,0,0,0.785984848485,13
5.2432756,17,530,0.539681,0.8125,0,0,0.785984848485,13
5.2464867,17,531,0.318431,0.90625,0,0,0.785984848485,13
5.249639,17,532,0.52966,0.71875,0,0,0.785984848485,13
5.2529596,17,533,0.416915,0.75,0,0,0.785984848485,13
5.2561828,17,534,0.531168,0.71875,0,0,0.785984848485,13
5.2595791,17,535,0.501933,0.6875,0,0,0.785984848485,13
5.278284,17,536,0.565027,0.75,0,0,0.785984848485,13
5.2815417,17,537,0.496436,0.8125,0,0,0.785984848485,13
5.2846725,17,538,0.344935,0.90625,0,0,0.785984848485,13
5.2879213,17,539,0.682602,0.71875,0,0,0.785984848485,13
5.2912115,17,540,0.447877,0.84375,0,0,0.785984848485,13
5.2948034,17,541,0.503963,0.75,0,0,0.785984848485,13
5.2982263,17,542,0.530783,0.75,0,0,0.785984848485,13
5.3013803,17,543,0.442774,0.78125,0,0,0.785984848485,13
5.3045803,17,544,0.418362,0.84375,0,0,0.785984848485,13
5.3077331,17,545,0.445031,0.84375,0,0,0.785984848485,13
5.3113183,17,546,0.377088,0.8125,0,0,0.785984848485,13
5.3146958,17,547,0.562813,0.71875,0,0,0.785984848485,13
5.3179972,17,548,0.301607,0.875,0,0,0.785984848485,13
5.321147,17,549,0.454472,0.8125,0,0,0.785984848485,13
5.3243909,17,550,0.490893,0.84375,0,0,0.785984848485,13
5.3277033,17,551,0.651307,0.65625,0,0,0.785984848485,13
5.330962,17,552,0.447584,0.75,0,0,0.785984848485,13
5.3341056,17,553,0.408642,0.78125,0,0,0.785984848485,13
5.3372982,17,554,0.371095,0.84375,0,0,0.785984848485,13
5.3547472,17,555,0.369635,0.875,0,0,0.785984848485,13
5.3720067,17,556,0.536211,0.75,0,0,0.785984848485,13
5.387342,17,557,0.520094,0.65625,0,0,0.785984848485,13
5.3907813,17,558,0.420826,0.84375,0,0,0.785984848485,13
5.3939484,17,559,0.356683,0.84375,0,0,0.785984848485,13
5.3972295,17,560,0.427816,0.84375,0,0,0.785984848485,13
5.400475,17,561,0.516327,0.8125,0,0,0.785984848485,13
5.4480232,17,561,0.469257275263,0.787878787879,0.413837838173,0.81875,0.787878787879,17
5.4868153,18,562,0.54302,0.75,0,0,0.787878787879,17
5.4901713,18,563,0.535419,0.78125,0,0,0.787878787879,17
5.4932652,18,564,0.311475,0.84375,0,0,0.787878787879,17
5.4965588,18,565,0.535472,0.75,0,0,0.787878787879,17
5.4997201,18,566,0.423118,0.8125,0,0,0.787878787879,17
5.503102,18,567,0.54309,0.75,0,0,0.787878787879,17
5.5063235,18,568,0.506488,0.75,0,0,0.787878787879,17
5.5096909,18,569,0.558205,0.78125,0,0,0.787878787879,17
5.5134006,18,570,0.545347,0.6875,0,0,0.787878787879,17
5.5166841,18,571,0.369174,0.875,0,0,0.787878787879,17
5.5199229,18,572,0.676118,0.6875,0,0,0.787878787879,17
5.5230887,18,573,0.452473,0.78125,0,0,0.787878787879,17
5.5349654,18,574,0.482192,0.71875,0,0,0.787878787879,17
5.5548239,18,575,0.54037,0.75,0,0,0.787878787879,17
5.5583096,18,576,0.473596,0.78125,0,0,0.787878787879,17
5.5617748,18,577,0.400996,0.8125,0,0,0.787878787879,17
5.5649181,18,578,0.436948,0.8125,0,0,0.787878787879,17
5.5681082,18,579,0.363277,0.875,0,0,0.787878787879,17
5.5717166,18,580,0.606072,0.6875,0,0,0.787878787879,17
5.5752245,18,581,0.324724,0.84375,0,0,0.787878787879,17
5.5784239,18,582,0.484526,0.84375,0,0,0.787878787879,17
5.5815402,18,583,0.463197,0.84375,0,0,0.787878787879,17
5.5846761,18,584,0.704472,0.53125,0,0,0.787878787879,17
5.5878581,18,585,0.426696,0.71875,0,0,0.787878787879,17
5.5910424,18,586,0.422515,0.84375,0,0,0.787878787879,17
5.5942184,18,587,0.323576,0.875,0,0,0.787878787879,17
5.5976505,18,588,0.365663,0.84375,0,0,0.787878787879,17
5.6010706,18,589,0.557345,0.75,0,0,0.787878787879,17
5.6100324,18,590,0.519937,0.71875,0,0,0.787878787879,17
5.6268044,18,591,0.461599,0.8125,0,0,0.787878787879,17
5.6418236,18,592,0.33329,0.84375,0,0,0.787878787879,17
5.6452241,18,593,0.449842,0.78125,0,0,0.787878787879,17
5.6483593,18,594,0.534161,0.84375,0,0,0.787878787879,17
5.6845546,18,594,0.47498163039,0.78125,0.414370298386,0.81875,0.787878787879,17
5.7122145,19,595,0.558793,0.75,0,0,0.787878787879,17
5.7175859,19,596,0.517247,0.84375,0,0,0.787878787879,17
5.7223026,19,597,0.305538,0.90625,0,0,0.787878787879,17
5.7270269,19,598,0.56843,0.75,0,0,0.787878787879,17
5.7317227,19,599,0.403877,0.78125,0,0,0.787878787879,17
5.7415011,19,600,0.515115,0.75,0,0,0.787878787879,17
5.7618924,19,601,0.490903,0.8125,0,0,0.787878787879,17
5.7676828,19,602,0.562239,0.75,0,0,0.787878787879,17
5.7723751,19,603,0.527964,0.71875,0,0,0.787878787879,17
5.7770765,19,604,0.333262,0.90625,0,0,0.787878787879,17
5.7822914,19,605,0.705189,0.65625,0,0,0.787878787879,17
5.7872485,19,606,0.463222,0.75,0,0,0.787878787879,17
5.7921499,19,607,0.449811,0.84375,0,0,0.787878787879,17
5.7967228,19,608,0.509854,0.71875,0,0,0.787878787879,17
5.800941,19,609,0.427139,0.75,0,0,0.787878787879,17
5.8049582,19,610,0.436012,0.84375,0,0,0.787878787879,17
5.8091763,19,611,0.410555,0.8125,0,0,0.787878787879,17
5.869914,19,612,0.376187,0.84375,0,0,0.787878787879,17
5.8762285,19,613,0.569659,0.71875,0,0,0.787878787879,17
5.8847159,19,614,0.337296,0.84375,0,0,0.787878787879,17
5.9080985,19,615,0.468905,0.78125,0,0,0.787878787879,17
5.9119713,19,616,0.471344,0.8125,0,0,0.787878787879,17
5.915995,19,617,0.724419,0.5625,0,0,0.787878787879,17
5.9242585,19,618,0.44417,0.75,0,0,0.787878787879,17
5.9306495,19,619,0.420384,0.8125,0,0,0.787878787879,17
5.9338979,19,620,0.366799,0.875,0,0,0.787878787879,17
5.9372624,19,621,0.334049,0.875,0,0,0.787878787879,17
5.9405093,19,622,0.597926,0.75,0,0,0.787878787879,17
5.9512015,19,623,0.513087,0.6875,0,0,0.787878787879,17
5.9547203,19,624,0.467334,0.8125,0,0,0.787878787879,17
5.9582766,19,625,0.35162,0.84375,0,0,0.787878787879,17
5.9617951,19,626,0.42118,0.84375,0,0,0.787878787879,17
5.9649853,19,627,0.478811,0.75,0,0,0.787878787879,17
5.9936448,19,627,0.470555072481,0.785037878788,0.412644177675,0.81875,0.787878787879,17
6.0238459,20,628,0.569609,0.75,0,0,0.787878787879,17
6.0284798,20,629,0.532601,0.84375,0,0,0.787878787879,17
6.0331528,20,630,0.309011,0.875,0,0,0.787878787879,17
6.0373483,20,631,0.547233,0.75,0,0,0.787878787879,17
6.0417631,20,632,0.446267,0.78125,0,0,0.787878787879,17
6.0677491,20,633,0.509909,0.71875,0,0,0.787878787879,17
6.0845461,20,634,0.473761,0.6875,0,0,0.787878787879,17
6.0906252,20,635,0.552626,0.71875,0,0,0.787878787879,17
6.094966,20,636,0.496974,0.75,0,0,0.787878787879,17
6.1028934,20,637,0.330707,0.90625,0,0,0.787878787879,17
6.1073402,20,638,0.695758,0.6875,0,0,0.787878787879,17
6.1126636,20,639,0.448807,0.71875,0,0,0.787878787879,17
6.1171139,20,640,0.456287,0.75,0,0,0.787878787879,17
6.1214244,20,641,0.496464,0.71875,0,0,0.787878787879,17
6.1257182,20,642,0.462834,0.84375,0,0,0.787878787879,17
6.1299768,20,643,0.440233,0.8125,0,0,0.787878787879,17
6.1574037,20,644,0.420342,0.8125,0,0,0.787878787879,17
6.1660424,20,645,0.387627,0.78125,0,0,0.787878787879,17
6.1701268,20,646,0.589821,0.75,0,0,0.787878787879,17
6.1741079,20,647,0.314432,0.90625,0,0,0.787878787879,17
6.177954,20,648,0.475095,0.8125,0,0,0.787878787879,17
6.1834123,20,649,0.473724,0.78125,0,0,0.787878787879,17
6.1868721,20,650,0.697052,0.625,0,0,0.787878787879,17
6.1905367,20,651,0.42913,0.8125,0,0,0.787878787879,17
6.194873,20,652,0.41497,0.84375,0,0,0.787878787879,17
6.198845,20,653,0.365004,0.84375,0,0,0.787878787879,17
6.2022849,20,654,0.403547,0.78125,0,0,0.787878787879,17
6.2057672,20,655,0.552838,0.75,0,0,0.787878787879,17
6.2100892,20,656,0.520566,0.71875,0,0,0.787878787879,17
6.2271829,20,657,0.469868,0.84375,0,0,0.787878787879,17
6.2404521,20,658,0.338751,0.875,0,0,0.787878787879,17
6.2445996,20,659,0.460933,0.78125,0,0,0.787878787879,17
6.2478542,20,660,0.544948,0.78125,0,0,0.787878787879,17
6.2760958,20,660,0.473567512902,0.782196969697,0.412690162659,0.81875,0.787878787879,17
